name,address,city,state,zipcode
Allison Hill,18196 Anthony Forge,New Carolyn,ID,94351
Kimberly Robinson,26542 Susan Junction Apt. 161,Melanieview,AZ,96148
Calvin Nielsen,495 Janet Cape,Port Keith,IN,13739
Jesse Flowers,5341 Amanda Gardens,South Noah,UT,73501
Frederick Tate,05641 Robin Port,Jasonfort,SD,60643
Charles Mcgee,969 Cox Dam Suite 101,Lake Ernest,NE,78673
James Ferrell,018 Mack Junctions Apt. 462,Smithview,WV,23917
Ashley Garrett,52880 Burns Creek,Natashaport,AR,32072
Theresa Miller,82278 Joseph Well Suite 383,Raymondstad,NC,59678
Danny Morgan,301 Jeremy Bypass,Chadbury,TN,64125
Carlos Walls,76311 Gomez Loop Suite 010,Chandlerville,ID,25432
Brenda White,17810 Tanya Terrace Apt. 267,Lewisfurt,AR,22080
William Baker,6872 Kenneth Centers Apt. 500,Shawhaven,AR,67063
Cody Larson,1939 Christine Manor,Sarahborough,VT,41681
James Powers,5107 Charles Forest Suite 251,West Justin,ND,92715
William Roman,841 Joseph Coves,West Juan,VT,45443
Mark Baker,0164 Adam Trail Apt. 427,Hoffmanville,UT,20037
Sandra Aguilar,2045 Rachel Fords,Lake Curtis,OH,53765
Nicole Frost,26025 Pham Way,West Erik,CT,50641
Shannon Walker,4330 Raymond Harbors Apt. 458,Frazierside,AK,15619
Debbie Carpenter,19655 Obrien Pass Apt. 693,Bradleychester,NC,71076
Teresa Mclaughlin,6159 Alvarado Crossing,Williamchester,MO,91885
Cameron Fisher,299 Sullivan Village Apt. 443,Floydmouth,NV,58455
Kayla Leon,148 Davis Terrace,Lake Lance,ID,19814
David Alvarez,6936 Ross Drive,Port Michelleville,NE,29184
Tyler Holmes,317 Laurie Shores,Stephaniemouth,VA,66663
Terry Griffin,774 Mary Harbor,Simsview,CA,94026
Devon Flores,23623 Robert Isle,Perryborough,MT,51550
Lauren Dominguez,0546 Medina Street Apt. 734,Tuckerfurt,TN,89517
Misty Pittman,806 Christopher Meadow,Port Steven,KS,50190
Jesse Rogers,6417 Kaitlyn Center Suite 310,East Jamestown,FL,31767
Michael Elliott,4529 Kimberly Estates,Danieltown,OK,89282
Jaime David,93149 Laura Port,West Amandastad,NY,85375
Samuel Short,5726 Jessica Run,Christinaside,NJ,61432
Nicholas Adams,47379 Rogers Park,Hunterborough,KS,45109
Kyle Beard,313 Freeman Trace,Lake Thomas,NM,59244
Anna Walker,9578 Coleman Summit,Michaelmouth,ME,33452
Nathan Stewart,37498 Hooper Village,West Jeremy,ME,02355
Beth Williams,427 Monique Ports,Taylormouth,HI,07235
Scott Wilson,7190 Edward Port,Christopherbury,OH,55049
Rachel Perez,7496 Carroll Circle Apt. 334,East Johnside,GA,00851
Michael Harrison,44713 French Road,South Danny,SD,20029
Samantha Jones,9947 Taylor Hollow,Benderhaven,NM,57878
Andrew Reynolds,401 Suzanne Villages Apt. 490,South April,KY,24289
Jessica Olsen DVM,6551 Mark Square Suite 468,South Christopherview,DE,53477
Samantha Smith,0385 Garrett Trace Apt. 348,West Samuel,NM,16416
Mark Lloyd,8086 Jeffrey Ville,South Staceyberg,VT,38755
Denise Davenport,78263 Michelle Harbor Suite 584,West Jessicashire,TN,64679
Jill Washington,867 Kane Square Apt. 963,Williamsfort,MS,51105
Rebecca Pearson MD,89517 Alicia Motorway,Lake Douglasberg,NJ,35238
Michael Santos,865 Brennan Camp Apt. 343,South Tiffanyville,GA,91465
Allen Nguyen,5562 Amanda Port,East Gregory,MS,81727
Kathleen Aguilar,4740 Santana Springs,North Scott,OR,39711
Jessica Wright,67136 Andrews Squares Suite 064,New Michelleton,PA,98172
Tanner Mitchell DDS,39421 Kyle Mill Apt. 952,West Markchester,ID,17823
Sherri Diaz,47451 Mccarty Divide Apt. 685,Port Ralphview,DE,60110
Paul Baker,513 Johnson Points Suite 931,Blankenshipport,MT,15793
Tracy Torres,13826 Watson Summit Suite 926,Port Tracychester,AZ,90977
Jeremy Sampson,58506 Lopez Crossing Suite 139,North Kristinbury,WY,74501
Ronald Spencer,52904 Vanessa Plains,Laurenville,AK,17776
Richard Young,24026 Julie Mountains Suite 589,South Williamton,WY,86864
Judith Maynard,6617 Jones Common,Charleneland,KY,82331
Kimberly Nguyen,8961 Melissa Run Apt. 673,Morganmouth,MT,96132
Jeffery Ortega,71111 Davis Streets Suite 280,Elizabethchester,TN,98842
Thomas Williams,451 Eric Orchard Apt. 158,Dannyview,IN,56745
Vanessa Cardenas,402 Park Inlet,Michaelburgh,FL,74729
Andrea Figueroa,83667 Moore Inlet,Kimberlyshire,CO,07396
Paul Williams,7679 Perry Forge,West Russellport,TX,78244
Mr. Andrew Foster,34324 Murphy Avenue,Burgessburgh,MS,70307
Kathryn Whitaker,60607 Michelle Ports Suite 966,Dariustown,GA,81519
Michael Cox,36968 Randy Inlet Suite 352,New Cynthiahaven,ID,46294
Tyler Brewer,12432 Kathleen Shoal,East Stephaniefort,WV,74390
Joann Glass,527 Taylor Roads Suite 490,Williamport,NV,05430
Ronald Jones,986 Carpenter Turnpike,South Reginashire,ID,42644
Kathryn Rosario,51820 Jasmine Mill Apt. 554,Ortizmouth,PA,07364
Maria Jones,644 Mathew Prairie,West Kyle,UT,87288
Kurt Hurley,652 Debbie Manors Suite 054,East Matthew,NM,25667
Chad Jones,880 Walter River,New Nicholas,HI,91313
Rhonda Martin,65379 Goodwin Tunnel Suite 383,Tammyfort,ID,48714
Laura Alexander,8862 Laurie Dam Suite 075,Lake Meghanville,CO,21513
Taylor Hernandez,37506 Randy Landing Apt. 615,North Lucas,VT,85692
Charles Johnson,277 Rebecca Brook Suite 328,Rodriguezport,ME,16471
Jason Bauer,17980 Jennifer Highway Suite 095,New Robert,TN,11722
Heather Ashley,7065 Burgess Knolls,West Johnville,OR,96863
Brandi Bell,277 Lisa Circles Suite 043,Port Jameston,ME,68053
Robert Kennedy,345 Michelle Isle,Davidstad,MO,97927
Tyler Morgan,7584 Jessica Common,Morrisonburgh,LA,42602
Garrett Phillips,627 West Stream Suite 964,North Emilyfurt,NY,98791
Tiffany Thomas,21355 Herring Bypass Apt. 755,Hinesshire,NC,48597
Matthew Wright,27868 Jose Green,Lewisport,NM,26738
Samuel Hayes,55188 Vance Vista Apt. 258,North Tracie,DC,31530
Allison Spencer,8291 Kyle Stravenue Suite 866,East Teresaland,NH,89644
Bethany Calderon,68018 Kevin Estates,Sarahbury,NC,37731
Danielle Reid,49818 Brittany Prairie Apt. 299,Meganshire,AK,11147
Martin Ray,690 Small Plains,Dawnport,IA,90284
Jesse Barker,6773 Lawson Island,Jessicastad,DC,49068
Ashley Allen,7321 Kelly Lights,Wrightburgh,MD,76219
Cheryl Moore,4701 Wagner Garden Apt. 950,West Troyfort,ND,01572
Jessica Khan,5060 Michael Heights Apt. 687,Marciaville,CT,52130
William Grant,39868 Brandon Dam Suite 787,New Patricia,MD,80857
